34212051126	EX-03 Shadow Dispatch	success	727ca4a06dda26b9dcddddf5824238cfdd5ce137	2026-09-08T09:48:36Z
34211459969	Ingestion Heartbeat Watchdog	success	727ca4a06dda26b9dcddddf5824238cfdd5ce137	2026-09-08T09:42:15Z
34203717247	🧩 Sovereign Enrichment Pulse (Directory Quality)	success	7ea440cadcbec273ced3dc75f65a55b4ac54a9d5	2026-09-08T08:17:40Z
34194458286	🛰️ Sovereign Sentinel Pulse (Flapping Source Detector)	success	26f31f62fba51405105ac98f20e4a8f0b692f563	2026-09-08T06:23:35Z
34191739352	🏹 Sovereign Hunter Pulse	success	26f31f62fba51405105ac98f20e4a8f0b692f563	2026-09-08T05:43:46Z
34189899242	🏢 Sovereign Directory Pulse (Company Link Health)	success	92d50c4e2452ef568f74d3276ea15c0794bf1d99	2026-09-08T05:14:55Z
34188346281	EX-03 Shadow Dispatch	success	92d50c4e2452ef568f74d3276ea15c0794bf1d99	2026-09-08T04:49:15Z
34187791746	🧭 Sovereign Prospector Pulse (Company Auto-Discovery)	success	6d42c7f8d91ab46d41f7585876489de7136dd06f	2026-09-08T04:39:58Z
34187681007	Ingestion Heartbeat Watchdog	success	6d42c7f8d91ab46d41f7585876489de7136dd06f	2026-09-08T04:38:03Z
34183024337	Sovereign Verifier Pulse	success	6d42c7f8d91ab46d41f7585876489de7136dd06f	2026-09-08T03:17:56Z
34176909021	Sovereign Database Pruning	success	6d42c7f8d91ab46d41f7585876489de7136dd06f	2026-09-08T01:30:58Z
34174959191	🏹 Sovereign Hunter Pulse	success	6d42c7f8d91ab46d41f7585876489de7136dd06f	2026-09-08T00:56:19Z
34170496550	EX-03 Shadow Dispatch	success	6d42c7f8d91ab46d41f7585876489de7136dd06f	2026-09-07T23:34:34Z
34170261094	Ingestion Heartbeat Watchdog	success	6d42c7f8d91ab46d41f7585876489de7136dd06f	2026-09-07T23:30:23Z
34168027462	🏹 Sovereign Hunter Pulse	success	6d42c7f8d91ab46d41f7585876489de7136dd06f	2026-09-07T22:50:27Z
34164343409	🏢 Sovereign Directory Pulse (Company Link Health)	success	a2ced1df1ef097475075fe7c842a3d2c00f05d0b	2026-09-07T21:46:36Z
34163500431	Sovereign CI Guardrail	failure	3538229cc563a8142ddf533b4e56cda8447548c3	2026-09-07T21:32:24Z
34163486300	🧭 Sovereign Prospector Pulse (Company Auto-Discovery)	success	a2b49c0068f7bd5dc85d72b0b974b0f80a935925	2026-09-07T21:32:10Z
34163251160	Sovereign CI Guardrail	success	1118a537dd7d4d6becf958b722ef2f240c65f1de	2026-09-07T21:28:14Z
34160178519	EX-03 Shadow Dispatch	success	a2b49c0068f7bd5dc85d72b0b974b0f80a935925	2026-09-07T20:38:29Z
34159939422	Ingestion Heartbeat Watchdog	success	a2b49c0068f7bd5dc85d72b0b974b0f80a935925	2026-09-07T20:34:43Z
34158030993	🏹 Sovereign Hunter Pulse	success	a2b49c0068f7bd5dc85d72b0b974b0f80a935925	2026-09-07T20:05:02Z
34155252591	🧩 Sovereign Enrichment Pulse (Directory Quality)	success	49fdc77807ab80f63d617c0396574dbe3717d4fc	2026-09-07T19:21:14Z
34147169788	Sovereign Verifier Pulse	success	49fdc77807ab80f63d617c0396574dbe3717d4fc	2026-09-07T17:20:07Z
34143675763	EX-03 Shadow Dispatch	success	49fdc77807ab80f63d617c0396574dbe3717d4fc	2026-09-07T16:31:37Z
34143401510	Ingestion Heartbeat Watchdog	success	49fdc77807ab80f63d617c0396574dbe3717d4fc	2026-09-07T16:28:09Z
34142571351	🏹 Sovereign Hunter Pulse	success	49fdc77807ab80f63d617c0396574dbe3717d4fc	2026-09-07T16:17:34Z
34134244459	Sovereign CI Guardrail	success	a1b0016191f1a358a5eec123a06dd01e669396fd	2026-09-07T14:40:30Z
34133621103	Sovereign CI Guardrail	success	da483af303d346a765bd02ec62d1b71487f63883	2026-09-07T14:33:44Z
34133173351	Sovereign CI Guardrail	success	78e51e4824716966f73e9e2624ed3f19bd7a783d	2026-09-07T14:28:50Z
34131848099	Sovereign CI Guardrail	success	67c8d7e23b5329cd2b922fe5300a1a3d9d1695af	2026-09-07T14:14:15Z
34129134844	Sovereign CI Guardrail	success	3a5bcd7e5beaff2da98b56857bc28213278b0f76	2026-09-07T13:45:02Z
34128602983	Sovereign CI Guardrail	success	46d6320e4db563cec41e97f882491a67b762f48f	2026-09-07T13:39:20Z
34128350597	Sovereign CI Guardrail	success	28952039ca66995bd9dc8d3dd77102e36b279321	2026-09-07T13:36:35Z
34127557392	Sovereign CI Guardrail	success	a79645f077c5547443833340a3fea793a3b9f521	2026-09-07T13:28:11Z
34127300033	Sovereign CI Guardrail	success	b225b3e6cdad28328818c3587cce0176b788fcc5	2026-09-07T13:25:19Z
34125025031	🏢 Sovereign Directory Pulse (Company Link Health)	success	63af19e1c0e1c10c18b177e3084aab1cd76fe978	2026-09-07T13:01:03Z
34122849783	🧭 Sovereign Prospector Pulse (Company Auto-Discovery)	success	b7ca611251f7178b0e50dc729fad982ecf957bc4	2026-09-07T12:37:07Z
34113074172	🏹 Sovereign Hunter Pulse	success	b7ca611251f7178b0e50dc729fad982ecf957bc4	2026-09-07T10:45:11Z
34111598230	EX-03 Shadow Dispatch	success	b7ca611251f7178b0e50dc729fad982ecf957bc4	2026-09-07T10:28:09Z
34110885902	Ingestion Heartbeat Watchdog	success	b7ca611251f7178b0e50dc729fad982ecf957bc4	2026-09-07T10:19:58Z
34107204397	Sovereign CI Guardrail	success	52cef4f70f9df309a5616d305c363644f5c51e49	2026-09-07T09:38:56Z
34107193101	Sovereign CI Guardrail	success	422cc8c54391720418041c23c80ba4a3ff3ed838	2026-09-07T09:38:49Z
34106787129	Sovereign CI Guardrail	success	0b2ce47f6f0772857f96025023e6bd6509c75463	2026-09-07T09:34:30Z
34101399637	🧩 Sovereign Enrichment Pulse (Directory Quality)	success	971e05d7365dcc74e57a3b1602ca414e1801f6f7	2026-09-07T08:35:32Z
34091193473	🛰️ Sovereign Sentinel Pulse (Flapping Source Detector)	success	783ca03c3298f08e11be95329765936466363396	2026-09-07T06:31:02Z
34087923456	🏹 Sovereign Hunter Pulse	success	783ca03c3298f08e11be95329765936466363396	2026-09-07T05:43:57Z
34085979704	🏢 Sovereign Directory Pulse (Company Link Health)	success	43f29b7efe36c557eafd5ea4930731049ba52488	2026-09-07T05:13:37Z
34084771765	EX-03 Shadow Dispatch	success	43f29b7efe36c557eafd5ea4930731049ba52488	2026-09-07T04:53:33Z
34084244352	🧭 Sovereign Prospector Pulse (Company Auto-Discovery)	success	3099f6250c72250bfe88250267718a88c42c7fc1	2026-09-07T04:44:49Z
34084153140	Ingestion Heartbeat Watchdog	success	3099f6250c72250bfe88250267718a88c42c7fc1	2026-09-07T04:43:22Z
34078692131	Sovereign Verifier Pulse	success	3099f6250c72250bfe88250267718a88c42c7fc1	2026-09-07T03:09:44Z
34072767691	Sovereign Database Pruning	success	3099f6250c72250bfe88250267718a88c42c7fc1	2026-09-07T01:21:44Z
34071094868	🏹 Sovereign Hunter Pulse	success	3099f6250c72250bfe88250267718a88c42c7fc1	2026-09-07T00:50:51Z
34068503354	EX-03 Shadow Dispatch	success	3099f6250c72250bfe88250267718a88c42c7fc1	2026-09-07T00:01:35Z
34068210990	Ingestion Heartbeat Watchdog	success	3099f6250c72250bfe88250267718a88c42c7fc1	2026-09-06T23:55:13Z
34065531843	🏹 Sovereign Hunter Pulse	success	3099f6250c72250bfe88250267718a88c42c7fc1	2026-09-06T22:58:24Z
34061054996	EX-03 Shadow Dispatch	success	3099f6250c72250bfe88250267718a88c42c7fc1	2026-09-06T21:26:01Z
34060832672	🏹 Sovereign Hunter Pulse	success	3099f6250c72250bfe88250267718a88c42c7fc1	2026-09-06T21:21:41Z
34060825586	Ingestion Heartbeat Watchdog	success	3099f6250c72250bfe88250267718a88c42c7fc1	2026-09-06T21:21:32Z
34059185684	🏢 Sovereign Directory Pulse (Company Link Health)	success	2b0f2cf49df7824aba88f6d7bdf80baae02c6daa	2026-09-06T20:49:40Z
34057964830	🧭 Sovereign Prospector Pulse (Company Auto-Discovery)	success	d7c0143495eb7a4d5ebe6d8fb3094381affda0ec	2026-09-06T20:25:54Z
34054127084	Ingestion Heartbeat Watchdog	success	d7c0143495eb7a4d5ebe6d8fb3094381affda0ec	2026-09-06T19:11:58Z
34054063925	🏹 Sovereign Hunter Pulse	success	d7c0143495eb7a4d5ebe6d8fb3094381affda0ec	2026-09-06T19:10:47Z
34051630702	EX-03 Shadow Dispatch	success	d7c0143495eb7a4d5ebe6d8fb3094381affda0ec	2026-09-06T18:24:50Z
34049275037	🧩 Sovereign Enrichment Pulse (Directory Quality)	success	a1f0d349a9404ff1013fb5e2101f46a2f0e11f75	2026-09-06T17:39:13Z
34047427674	Ingestion Heartbeat Watchdog	success	a1f0d349a9404ff1013fb5e2101f46a2f0e11f75	2026-09-06T17:04:09Z
34047352827	🏹 Sovereign Hunter Pulse	success	a1f0d349a9404ff1013fb5e2101f46a2f0e11f75	2026-09-06T17:02:42Z
34045098463	EX-03 Shadow Dispatch	success	a1f0d349a9404ff1013fb5e2101f46a2f0e11f75	2026-09-06T16:20:04Z
34043401297	🏢 Sovereign Directory Pulse (Company Link Health)	success	f5ca5e167a605ac50af4eda00e337a2a639590d7	2026-09-06T15:47:18Z
34042456553	🧭 Sovereign Prospector Pulse (Company Auto-Discovery)	success	4d3652cde3922b232a5f6a24bacc62de4174eb18	2026-09-06T15:29:19Z
34040898759	Sovereign Verifier Pulse	success	4d3652cde3922b232a5f6a24bacc62de4174eb18	2026-09-06T14:59:57Z
34038384845	Ingestion Heartbeat Watchdog	success	4d3652cde3922b232a5f6a24bacc62de4174eb18	2026-09-06T14:11:27Z
34037927547	🏹 Sovereign Hunter Pulse	success	4d3652cde3922b232a5f6a24bacc62de4174eb18	2026-09-06T14:02:39Z
34034548701	EX-03 Shadow Dispatch	success	4d3652cde3922b232a5f6a24bacc62de4174eb18	2026-09-06T12:55:37Z
34029992096	🏢 Sovereign Directory Pulse (Company Link Health)	success	2e23fb941c76df732b90724230dedd5caa25ab5d	2026-09-06T11:21:03Z
34028956704	🧭 Sovereign Prospector Pulse (Company Auto-Discovery)	success	c1b903ce481f33832d0b7201ec940f3ded098b4d	2026-09-06T11:00:02Z
34028906111	Ingestion Heartbeat Watchdog	success	c1b903ce481f33832d0b7201ec940f3ded098b4d	2026-09-06T10:58:47Z
34028819340	🏹 Sovereign Hunter Pulse	success	c1b903ce481f33832d0b7201ec940f3ded098b4d	2026-09-06T10:56:49Z
34023522205	EX-02 Source Shadow Admit	success	c1b903ce481f33832d0b7201ec940f3ded098b4d	2026-09-06T09:02:36Z
34023442886	Sovereign CI Guardrail	success	c1b903ce481f33832d0b7201ec940f3ded098b4d	2026-09-06T09:00:57Z
34023370606	Sovereign CI Guardrail	success	2b0c7ce7a4115bcc548a9b1da0f29a5d3036628a	2026-09-06T08:59:32Z
34023279452	EX-02 Source Shadow Admit	success	6f8605549162ffa6c7273ca8af61878ac05f3626	2026-09-06T08:57:20Z
34023154047	Sovereign CI Guardrail	success	6f8605549162ffa6c7273ca8af61878ac05f3626	2026-09-06T08:54:24Z
34023061424	Sovereign CI Guardrail	success	c5dd7185f1d0e2aa9c52f1a288332684b908206d	2026-09-06T08:52:18Z
34022807870	EX-03 Shadow Dispatch	success	32b8760ec2c59406fa6cb72b6e3e724241759364	2026-09-06T08:46:46Z
34022794786	Sovereign CI Guardrail	success	32b8760ec2c59406fa6cb72b6e3e724241759364	2026-09-06T08:46:30Z
34022746358	Sovereign CI Guardrail	success	d21b4dc90837b7ac1e3bb7f28e405746fba34c23	2026-09-06T08:45:27Z
34022528351	EX-02 Source Shadow Admit	success	aa29dd7d8ec33eec63c29e05599390afc92d0a8e	2026-09-06T08:40:54Z
34022429962	Sovereign CI Guardrail	success	aa29dd7d8ec33eec63c29e05599390afc92d0a8e	2026-09-06T08:38:50Z
34022327317	Sovereign CI Guardrail	success	9a84b5cd660cb6cacaa9df21829807200ebc0535	2026-09-06T08:36:35Z
34021363174	EX-02 Source Shadow Admit	failure	cc5a1f1a6bf51f0a215009e2c359455d45828972	2026-09-06T08:15:48Z
34021255115	Sovereign CI Guardrail	success	cc5a1f1a6bf51f0a215009e2c359455d45828972	2026-09-06T08:13:28Z
34021202136	Sovereign CI Guardrail	success	54848c6837c453ebfedbfed113a6e014da3dd6b6	2026-09-06T08:12:16Z
34020992873	EX-02 Source Shadow Admit	failure	1aac624e4aa8bd3b3ab9e9b072555321f13d5281	2026-09-06T08:07:44Z
34020893122	Sovereign CI Guardrail	success	1aac624e4aa8bd3b3ab9e9b072555321f13d5281	2026-09-06T08:05:32Z
34020872373	🧩 Sovereign Enrichment Pulse (Directory Quality)	success	4b7e5158350d05f41ad100b0d38377dd1d4f7e53	2026-09-06T08:05:07Z
34020839225	Sovereign CI Guardrail	success	66c45f4d685147adef46a916b2a6364939934c25	2026-09-06T08:04:23Z
34020693482	Sovereign CI Guardrail	failure	4b7e5158350d05f41ad100b0d38377dd1d4f7e53	2026-09-06T08:01:16Z
34020618539	Sovereign CI Guardrail	success	90684ee25da3ac4d1e92f2eda21d4a541d470e74	2026-09-06T07:59:53Z
34020409916	Sovereign CI Guardrail	failure	360ece99dd0dd19ea74a85aef27ca5689354db90	2026-09-06T07:54:51Z
34020317076	Sovereign CI Guardrail	success	6d4cc00ce588f4431f43b6f2f6dc5ae294c731ff	2026-09-06T07:52:41Z
34020019604	Sovereign CI Guardrail	success	ece667234d23c26530b822a3a673464fc907b155	2026-09-06T07:45:56Z
34019957433	Sovereign CI Guardrail	success	417723a617c1e6cbf539f5b60ac37552bf17353a	2026-09-06T07:44:33Z
34019075508	Sovereign CI Guardrail	success	bf6df28b657cc8f2003ec37ffc292865894d11df	2026-09-06T07:24:48Z
34019013850	Sovereign CI Guardrail	success	040bbf7e4455daa13c125a7685b19f5f74d7452e	2026-09-06T07:23:25Z
34018873511	Sovereign CI Guardrail	success	1b20975b718d0013ec20728725e3b9ed5b3cbbb1	2026-09-06T07:20:20Z
34018797651	Sovereign CI Guardrail	success	c594ef07139c20f1548c42f69fe4c0cfcb1d19af	2026-09-06T07:18:38Z
34018206215	Sovereign CI Guardrail	success	c49d2f4d2d5453d1e2652785558c77a5f88cf27a	2026-09-06T07:05:27Z
34018161406	Sovereign CI Guardrail	success	0088961669915bd9d1263b5f22424ba047a35645	2026-09-06T07:04:28Z
34017640566	Sovereign CI Guardrail	success	2cffbec8decc21927c1f639b607106f1fa091b20	2026-09-06T06:52:28Z
34017628645	Sovereign CI Guardrail	success	7dcb53e9358d386c679c6304f7a8cbe31fc5f566	2026-09-06T06:52:14Z
34017375225	Sovereign CI Guardrail	success	61a70c94205f5d1e05490da16a7144a7f5c05df7	2026-09-06T06:46:31Z
34017338590	🧑‍⚕️ Sovereign Medic Pulse (Weekly Health Digest)	success	e6ebfaadcfc11baea05d720a29dae941dab10e95	2026-09-06T06:45:39Z
34017302600	Sovereign CI Guardrail	success	7ae8936ed3200103b5cea39776200915f73fcedc	2026-09-06T06:44:53Z
34017110087	Sovereign CI Guardrail	success	3220283921b41ea6e6d4b82c672a80eb884c129d	2026-09-06T06:40:33Z
34016358010	🛰️ Sovereign Sentinel Pulse (Flapping Source Detector)	success	25d230d26b575990a64ea27d3d0c5c3df285c9b8	2026-09-06T06:23:27Z
34015383885	🏹 Sovereign Hunter Pulse	success	25d230d26b575990a64ea27d3d0c5c3df285c9b8	2026-09-06T06:00:34Z
34015283135	Ingestion Heartbeat Watchdog	success	25d230d26b575990a64ea27d3d0c5c3df285c9b8	2026-09-06T05:58:07Z
34013126298	🏢 Sovereign Directory Pulse (Company Link Health)	success	7d7bcdcfb8065ff073fc702a18ef5bff0d0c2a94	2026-09-06T05:05:48Z
34012173933	🧭 Sovereign Prospector Pulse (Company Auto-Discovery)	success	e6c533b36f5930963e4a8ac02e1b462f9b7df696	2026-09-06T04:42:16Z
34008373121	Sovereign Verifier Pulse	success	e6c533b36f5930963e4a8ac02e1b462f9b7df696	2026-09-06T03:11:33Z
34003757895	Sovereign Database Pruning	success	e6c533b36f5930963e4a8ac02e1b462f9b7df696	2026-09-06T01:23:13Z
34003333962	🏹 Sovereign Hunter Pulse	success	e6c533b36f5930963e4a8ac02e1b462f9b7df696	2026-09-06T01:13:31Z
34002694482	Ingestion Heartbeat Watchdog	success	e6c533b36f5930963e4a8ac02e1b462f9b7df696	2026-09-06T00:59:03Z
33998475586	🏹 Sovereign Hunter Pulse	success	e6c533b36f5930963e4a8ac02e1b462f9b7df696	2026-09-05T23:21:53Z
33997349289	Ingestion Heartbeat Watchdog	success	e6c533b36f5930963e4a8ac02e1b462f9b7df696	2026-09-05T22:57:32Z
33993810671	🏹 Sovereign Hunter Pulse	success	e6c533b36f5930963e4a8ac02e1b462f9b7df696	2026-09-05T21:42:20Z
33992503316	Ingestion Heartbeat Watchdog	success	e6c533b36f5930963e4a8ac02e1b462f9b7df696	2026-09-05T21:15:24Z
33990937946	🏢 Sovereign Directory Pulse (Company Link Health)	success	9b9647c2cda4618f04540b65f73f44db3009df9c	2026-09-05T20:43:11Z
33989945004	🧭 Sovereign Prospector Pulse (Company Auto-Discovery)	success	de0f53db315af91b4abab44887fe954a046d6f8f	2026-09-05T20:23:10Z
33987339678	🏹 Sovereign Hunter Pulse	success	de0f53db315af91b4abab44887fe954a046d6f8f	2026-09-05T19:31:00Z
33983685095	Ingestion Heartbeat Watchdog	success	de0f53db315af91b4abab44887fe954a046d6f8f	2026-09-05T18:19:12Z
33981196085	🏹 Sovereign Hunter Pulse	success	fd0c0b16f37b6a7361ddc285dbabc94c88ae5cba	2026-09-05T17:30:52Z
33981185862	🧩 Sovereign Enrichment Pulse (Directory Quality)	success	fd0c0b16f37b6a7361ddc285dbabc94c88ae5cba	2026-09-05T17:30:41Z
33976761676	Ingestion Heartbeat Watchdog	success	fd0c0b16f37b6a7361ddc285dbabc94c88ae5cba	2026-09-05T16:05:14Z
